{
    "animation": [
        {
            "name": "Root",
            "time": [0.0, 0.25, 0.75, 1.2917],
            "transform": [
                [1.0, 0.0, 0.0, -5e-06, 0.0, 0.0, -1.0, 0.799324, 0.0, 1.0, 0.0, 0.770908, 0.0, 0.0, 0.0, 1.0],
                [1.0, 0.0, 0.0, -5e-06, 0.0, 0.0, -1.0, 0.799324, 0.0, 1.0, 0.0, 0.770908, 0.0, 0.0, 0.0, 1.0],
                [1.0, 0.0, 0.0, -5e-06, 0.0, 0.0, -1.0, 1.767963, 0.0, 1.0, 0.0, 1.274975, 0.0, 0.0, 0.0, 1.0],
                [1.0, 0.0, 0.0, -5e-06, 0.0, 0.0, -1.0, 1.767963, 0.0, 1.0, 0.0, 1.274975, 0.0, 0.0, 0.0, 1.0]
            ]
        },
        {
            "name": "Thigh_R",
            "time": [0.0, 0.25, 0.75, 1.2917],
            "transform": [
                [0.883871, 0.31195, 0.348509, 0.124994, 0.45199, -0.761327, -0.464851, -0.002831, 0.120319, 0.568391, -0.813913, -1.2e-05, 0.0, 0.0, 0.0, 1.0],
                [0.883871, 0.31195, 0.348509, 0.124994, 0.45199, -0.761327, -0.464851, -0.002831, 0.120319, 0.568391, -0.813913, -1.2e-05, 0.0, 0.0, 0.0, 1.0],
                [0.883871, 0.31195, 0.348509, 0.124994, 0.45199, -0.761327, -0.464851, -0.002831, 0.120319, 0.568391, -0.813913, -1.2e-05, 0.0, 0.0, 0.0, 1.0],
                [0.883871, 0.31195, 0.348509, 0.124994, 0.45199, -0.761327, -0.464851, -0.002831, 0.120319, 0.568391, -0.813913, -1.2e-05, 0.0, 0.0, 0.0, 1.0]
            ]
        },
        {
            "name": "Leg_R",
            "time": [0.0, 0.25, 0.75, 1.2917],
            "transform": [
                [1.0, -0.0, 1e-06, -0.0, -0.0, 0.862454, 0.506136, 0.37472, -1e-06, -0.506136, 0.862454, 0.0, 0.0, 0.0, 0.0, 1.0],
                [1.0, -0.0, 1e-06, -0.0, -0.0, 0.862454, 0.506136, 0.37472, -1e-06, -0.506136, 0.862454, 0.0, 0.0, 0.0, 0.0, 1.0],
                [1.0, -0.0, 1e-06, -0.0, -0.0, 0.862454, 0.506136, 0.37472, -1e-06, -0.506136, 0.862454, 0.0, 0.0, 0.0, 0.0, 1.0],
                [1.0, -0.0, 1e-06, -0.0, -0.0, 0.862454, 0.506136, 0.37472, -1e-06, -0.506136, 0.862454, 0.0, 0.0, 0.0, 0.0, 1.0]
            ]
        },
        {
            "name": "Knee_R",
            "time": [0.0, 0.25, 0.75, 1.2917],
            "transform": [
                [1.0, 0.0, -0.0, -0.0, -0.0, 0.230278, -0.973125, 0.37472, -0.0, 0.973125, 0.230278, 0.0, 0.0, 0.0, 0.0, 1.0],
                [1.0, 0.0, -0.0, -0.0, -0.0, 0.230278, -0.973125, 0.37472, -0.0, 0.973125, 0.230278, 0.0, 0.0, 0.0, 0.0, 1.0],
                [1.0, 0.0, -0.0, -0.0, -0.0, 0.230278, -0.973125, 0.37472, -0.0, 0.973125, 0.230278, 0.0, 0.0, 0.0, 0.0, 1.0],
                [1.0, 0.0, -0.0, -0.0, -0.0, 0.230278, -0.973125, 0.37472, -0.0, 0.973125, 0.230278, 0.0, 0.0, 0.0, 0.0, 1.0]
            ]
        },
        {
            "name": "Thigh_L",
            "time": [0.0, 0.25, 0.75, 1.2917],
            "transform": [
                [0.866284, -0.446806, -0.22342, -0.125006, -0.464468, -0.885048, -0.030959, -0.002831, -0.183904, 0.130591, -0.97423, -1.2e-05, 0.0, 0.0, 0.0, 1.0],
                [0.866284, -0.446806, -0.22342, -0.125006, -0.464468, -0.885048, -0.030959, -0.002831, -0.183904, 0.130591, -0.97423, -1.2e-05, 0.0, 0.0, 0.0, 1.0],
                [0.866284, -0.446806, -0.22342, -0.125006, -0.464468, -0.885048, -0.030959, -0.002831, -0.183904, 0.130591, -0.97423, -1.2e-05, 0.0, 0.0, 0.0, 1.0],
                [0.866284, -0.446806, -0.22342, -0.125006, -0.464468, -0.885048, -0.030959, -0.002831, -0.183904, 0.130591, -0.97423, -1.2e-05, 0.0, 0.0, 0.0, 1.0]
            ]
        },
        {
            "name": "Leg_L",
            "time": [0.0, 0.25, 0.75, 1.2917],
            "transform": [
                [1.0, -0.0, 0.0, 0.0, -0.0, -0.066669, 0.997775, 0.37472, -0.0, -0.997775, -0.066669, -0.0, 0.0, 0.0, 0.0, 1.0],
                [1.0, -0.0, 0.0, 0.0, -0.0, -0.066669, 0.997775, 0.37472, -0.0, -0.997775, -0.066669, -0.0, 0.0, 0.0, 0.0, 1.0],
                [1.0, -0.0, 0.0, -0.0, -0.0, -0.066669, 0.997775, 0.37472, -0.0, -0.997775, -0.066669, -0.0, 0.0, 0.0, 0.0, 1.0],
                [1.0, -0.0, 0.0, -0.0, -0.0, -0.066669, 0.997775, 0.37472, -0.0, -0.997775, -0.066669, -0.0, 0.0, 0.0, 0.0, 1.0]
            ]
        },
        {
            "name": "Knee_L",
            "time": [0.0, 0.25, 0.75, 1.2917],
            "transform": [
                [1.0, 0.0, -0.0, 0.0, -0.0, 0.838452, -0.544976, 0.37472, 0.0, 0.544976, 0.838452, -0.0, 0.0, 0.0, 0.0, 1.0],
                [1.0, 0.0, -0.0, 0.0, -0.0, 0.838452, -0.544976, 0.37472, 0.0, 0.544976, 0.838452, -0.0, 0.0, 0.0, 0.0, 1.0],
                [1.0, 0.0, -0.0, -0.0, -0.0, 0.838452, -0.544976, 0.37472, 0.0, 0.544976, 0.838452, -0.0, 0.0, 0.0, 0.0, 1.0],
                [1.0, 0.0, -0.0, -0.0, -0.0, 0.838452, -0.544976, 0.37472, 0.0, 0.544976, 0.838452, -0.0, 0.0, 0.0, 0.0, 1.0]
            ]
        },
        {
            "name": "Torso",
            "time": [0.0, 0.25, 0.75, 1.2917],
            "transform": [
                [1.0, 0.0, 0.0, 0.0, 0.0, 0.350604, 0.936524, 0.05, 0.0, -0.936524, 0.350604, 0.0, 0.0, 0.0, 0.0, 1.0],
                [1.0, 0.0, 0.0, 0.0, 0.0, 0.350604, 0.936524, 0.05, 0.0, -0.936524, 0.350604, 0.0, 0.0, 0.0, 0.0, 1.0],
                [1.0, 0.0, 0.0, 0.0, 0.0, 0.350604, 0.936524, 0.05, 0.0, -0.936524, 0.350604, 0.0, 0.0, 0.0, 0.0, 1.0],
                [1.0, 0.0, 0.0, 0.0, 0.0, 0.350604, 0.936524, 0.05, 0.0, -0.936524, 0.350604, 0.0, 0.0, 0.0, 0.0, 1.0]
            ]
        },
        {
            "name": "Chest",
            "time": [0.0, 0.25, 0.75, 1.2917],
            "transform": [
                [1.0, 0.0, 0.0, 0.0, 0.0, 0.999005, 0.044602, 0.3, 0.0, -0.044602, 0.999005, 0.0, 0.0, 0.0, 0.0, 1.0],
                [1.0, 0.0, 0.0, 0.0, 0.0, 0.999005, 0.044602, 0.3, 0.0, -0.044602, 0.999005, 0.0, 0.0, 0.0, 0.0, 1.0],
                [1.0, 0.0, 0.0, 0.0, 0.0, 0.999005, 0.044602, 0.3, 0.0, -0.044602, 0.999005, 0.0, 0.0, 0.0, 0.0, 1.0],
                [1.0, 0.0, 0.0, 0.0, 0.0, 0.999005, 0.044602, 0.3, 0.0, -0.044602, 0.999005, 0.0, 0.0, 0.0, 0.0, 1.0]
            ]
        },
        {
            "name": "Head",
            "time": [0.0, 0.25, 0.75, 1.2917],
            "transform": [
                [1.0, 0.0, 0.0, 0.0, 0.0, 0.6838, -0.729669, 0.4, 0.0, 0.729669, 0.6838, 0.0, 0.0, 0.0, 0.0, 1.0],
                [1.0, 0.0, 0.0, 0.0, 0.0, 0.6838, -0.729669, 0.4, 0.0, 0.729669, 0.6838, 0.0, 0.0, 0.0, 0.0, 1.0],
                [1.0, 0.0, 0.0, 0.0, 0.0, 0.6838, -0.729669, 0.4, 0.0, 0.729669, 0.6838, 0.0, 0.0, 0.0, 0.0, 1.0],
                [1.0, 0.0, 0.0, 0.0, 0.0, 0.6838, -0.729669, 0.4, 0.0, 0.729669, 0.6838, 0.0, 0.0, 0.0, 0.0, 1.0]
            ]
        },
        {
            "name": "Shoulder_R",
            "time": [0.0, 0.25, 0.75, 1.2917],
            "transform": [
                [0.359048, 0.920275, -0.155491, 0.0, -0.067314, 0.1917, 0.979142, 0.4, 0.930888, -0.341093, 0.130776, 0.0, 0.0, 0.0, 0.0, 1.0],
                [0.359048, 0.920275, -0.155491, 0.0, -0.067314, 0.1917, 0.979142, 0.4, 0.930888, -0.341093, 0.130776, 0.0, 0.0, 0.0, 0.0, 1.0],
                [-0.345533, 0.937068, 0.050106, 0.0, -0.290623, -0.157628, 0.943765, 0.4, 0.892269, 0.31154, 0.326799, 0.0, 0.0, 0.0, 0.0, 1.0],
                [-0.345533, 0.937068, 0.050106, 0.0, -0.290623, -0.157628, 0.943765, 0.4, 0.892269, 0.31154, 0.326799, 0.0, 0.0, 0.0, 0.0, 1.0]
            ]
        },
        {
            "name": "Arm_R",
            "time": [0.0, 0.25, 0.75, 1.2917],