{
    "animation": [
        {
            "name": "Root",
            "time": [0.0, 0.0417, 0.0833, 0.125, 0.2083, 0.2917],
            "transform": [
                [0.688243, 0.0, -0.725481, -5e-06, -0.725481, 0.0, -0.688243, -0.198856, 0.0, 1.0, 0.0, 0.700728, 0.0, 0.0, 0.0, 1.0],
                [0.688243, 0.0, -0.725481, -5e-06, -0.725481, 0.0, -0.688243, -0.198856, 0.0, 1.0, 0.0, 0.700728, 0.0, 0.0, 0.0, 1.0],
                [0.997431, -0.006701, -0.071318, -0.000372, -0.071252, 0.009713, -0.997411, 0.201536, 0.007376, 0.99993, 0.009211, 0.710881, 0.0, 0.0, 0.0, 1.0],
                [0.899425, -0.014672, 0.436829, -5e-06, 0.437007, 0.012487, -0.899372, 0.487021, 0.007741, 0.999814, 0.017643, 0.624202, 0.0, 0.0, 0.0, 1.0],
                [0.899425, -0.014672, 0.436829, -5e-06, 0.437007, 0.012487, -0.899372, 0.487021, 0.007741, 0.999814, 0.017643, 0.624202, 0.0, 0.0, 0.0, 1.0],
                [0.899425, -0.014672, 0.436829, -5e-06, 0.437007, 0.012487, -0.899372, 0.487021, 0.007741, 0.999814, 0.017643, 0.624202, 0.0, 0.0, 0.0, 1.0]
            ]
        },
        {
            "name": "Thigh_R",
            "time": [0.0, 0.0417, 0.0833, 0.125, 0.2083, 0.2917],
            "transform": [
                [0.836639, 0.300441, -0.458008, 0.124994, 0.075601, -0.891487, -0.446693, -0.002831, -0.542513, 0.339095, -0.768566, -1.2e-05, 0.0, 0.0, 0.0, 1.0],
                [0.836639, 0.300441, -0.458008, 0.124994, 0.075601, -0.891487, -0.446693, -0.002831, -0.542513, 0.339095, -0.768566, -1.2e-05, 0.0, 0.0, 0.0, 1.0],
                [0.992828, -0.046226, -0.110251, 0.124994, 0.03296, -0.780637, 0.624115, -0.002831, -0.114916, -0.623272, -0.773515, -1.2e-05, 0.0, 0.0, 0.0, 1.0],
                [0.949151, 0.283583, 0.136724, 0.124994, 0.073161, -0.621084, 0.780322, -0.002831, 0.306203, -0.73064, -0.61025, -1.2e-05, 0.0, 0.0, 0.0, 1.0],
                [0.949151, 0.283583, 0.136724, 0.124994, 0.073161, -0.621084, 0.780322, -0.002831, 0.306203, -0.73064, -0.61025, -1.2e-05, 0.0, 0.0, 0.0, 1.0],
                [0.949151, 0.283583, 0.136724, 0.124994, 0.073161, -0.621084, 0.780322, -0.002831, 0.306203, -0.73064, -0.61025, -1.2e-05, 0.0, 0.0, 0.0, 1.0]
            ]
        },
        {
            "name": "Leg_R",
            "time": [0.0, 0.0417, 0.0833, 0.125, 0.2083, 0.2917],
            "transform": [
                [1.0, 0.0, 1e-06, 0.0, -0.0, 0.966645, 0.256119, 0.37472, -1e-06, -0.256119, 0.966645, -0.0, 0.0, 0.0, 0.0, 1.0],
                [1.0, 0.0, 1e-06, 0.0, -0.0, 0.966645, 0.256119, 0.37472, -1e-06, -0.256119, 0.966645, -0.0, 0.0, 0.0, 0.0, 1.0],
                [0.999624, -0.012982, -0.024134, 0.0, 0.025965, 0.166979, 0.985619, 0.37472, -0.008765, -0.985875, 0.167254, 0.0, 0.0, 0.0, 0.0, 1.0],
                [0.998917, -0.043015, -0.017714, -0.0, 0.041972, 0.669179, 0.741915, 0.37472, -0.020059, -0.741855, 0.67026, -0.0, 0.0, 0.0, 0.0, 1.0],
                [0.998917, -0.043015, -0.017714, -0.0, 0.041972, 0.669179, 0.741915, 0.37472, -0.020059, -0.741855, 0.67026, -0.0, 0.0, 0.0, 0.0, 1.0],
                [0.998917, -0.043015, -0.017714, -0.0, 0.041972, 0.669179, 0.741915, 0.37472, -0.020059, -0.741855, 0.67026, -0.0, 0.0, 0.0, 0.0, 1.0]
            ]
        },
        {
            "name": "Knee_R",
            "time": [0.0, 0.0417, 0.0833, 0.125, 0.2083, 0.2917],
            "transform": [
                [1.0, 0.0, -0.0, 0.0, -0.0, 1e-06, -1.0, 0.37472, -0.0, 1.0, 1e-06, -0.0, 0.0, 0.0, 0.0, 1.0],
                [1.0, 0.0, -0.0, 0.0, -0.0, 1e-06, -1.0, 0.37472, -0.0, 1.0, 1e-06, -0.0, 0.0, 0.0, 0.0, 1.0],
                [1.0, 0.0, -0.0, 0.0, -0.0, 0.266426, -0.963855, 0.37472, -0.0, 0.963855, 0.266426, 0.0, 0.0, 0.0, 0.0, 1.0],
                [1.0, 0.0, -0.0, -0.0, -0.0, 0.446007, -0.895029, 0.37472, -0.0, 0.895029, 0.446007, -0.0, 0.0, 0.0, 0.0, 1.0],
                [1.0, 0.0, -0.0, -0.0, -0.0, 0.446007, -0.895029, 0.37472, -0.0, 0.895029, 0.446007, -0.0, 0.0, 0.0, 0.0, 1.0],
                [1.0, 0.0, -0.0, -0.0, -0.0, 0.446007, -0.895029, 0.37472, -0.0, 0.895029, 0.446007, -0.0, 0.0, 0.0, 0.0, 1.0]
            ]
        },
        {
            "name": "Thigh_L",
            "time": [0.0, 0.0417, 0.0833, 0.125, 0.2083, 0.2917],
            "transform": [
                [0.870916, -0.303526, -0.386493, -0.125006, -0.133005, -0.902696, 0.409205, -0.002831, -0.47309, -0.304978, -0.826544, -1.2e-05, 0.0, 0.0, 0.0, 1.0],
                [0.870916, -0.303526, -0.386493, -0.125006, -0.133005, -0.902696, 0.409205, -0.002831, -0.47309, -0.304978, -0.826544, -1.2e-05, 0.0, 0.0, 0.0, 1.0],
                [0.975754, -0.055, -0.211847, -0.125006, -0.071265, -0.995004, -0.069921, -0.002831, -0.206943, 0.083323, -0.974798, -1.2e-05, 0.0, 0.0, 0.0, 1.0],
                [0.942857, -0.236828, 0.234376, -0.125006, -0.141585, -0.921524, -0.361589, -0.002831, 0.301618, 0.307743, -0.902397, -1.2e-05, 0.0, 0.0, 0.0, 1.0],
                [0.942857, -0.236828, 0.234376, -0.125006, -0.141585, -0.921524, -0.361589, -0.002831, 0.301618, 0.307743, -0.902397, -1.2e-05, 0.0, 0.0, 0.0, 1.0],
                [0.942857, -0.236828, 0.234376, -0.125006, -0.141585, -0.921524, -0.361589, -0.002831, 0.301618, 0.307743, -0.902397, -1.2e-05, 0.0, 0.0, 0.0, 1.0]
            ]
        },
        {
            "name": "Leg_L",
            "time": [0.0, 0.0417, 0.0833, 0.125, 0.2083, 0.2917],
            "transform": [
                [1.0, -0.0, 1e-06, 0.0, -0.0, 0.946223, 0.323516, 0.37472, -1e-06, -0.323516, 0.946223, -0.0, 0.0, 0.0, 0.0, 1.0],
                [1.0, -0.0, 1e-06, 0.0, -0.0, 0.946223, 0.323516, 0.37472, -1e-06, -0.323516, 0.946223, -0.0, 0.0, 0.0, 0.0, 1.0],
                [1.0, -0.0, 1e-06, 0.0, -0.0, 0.946223, 0.323516, 0.37472, -1e-06, -0.323516, 0.946223, -0.0, 0.0, 0.0, 0.0, 1.0],
                [1.0, -0.0, 1e-06, 0.0, -0.0, 0.946223, 0.323516, 0.37472, -1e-06, -0.323516, 0.946223, 0.0, 0.0, 0.0, 0.0, 1.0],
                [1.0, -0.0, 1e-06, 0.0, -0.0, 0.946223, 0.323516, 0.37472, -1e-06, -0.323516, 0.946223, 0.0, 0.0, 0.0, 0.0, 1.0],
                [1.0, -0.0, 1e-06, 0.0, -0.0, 0.946223, 0.323516, 0.37472, -1e-06, -0.323516, 0.946223, 0.0, 0.0, 0.0, 0.0, 1.0]
            ]
        },
        {
            "name": "Knee_L",
            "time": [0.0, 0.0417, 0.0833, 0.125, 0.2083, 0.2917],
            "transform": [
                [1.0, 0.0, -0.0, 0.0, -0.0, 1e-06, -1.0, 0.37472, -0.0, 1.0, 1e-06, -0.0, 0.0, 0.0, 0.0, 1.0],
                [1.0, 0.0, -0.0, 0.0, -0.0, 1e-06, -1.0, 0.37472, -0.0, 1.0, 1e-06, -0.0, 0.0, 0.0, 0.0, 1.0],
                [1.0, 0.0, -0.0, 0.0, -0.0, 1e-06, -1.0, 0.37472, -0.0, 1.0, 1e-06, -0.0, 0.0, 0.0, 0.0, 1.0],
                [1.0, 0.0, -0.0, 0.0, -0.0, 1e-06, -1.0, 0.37472, -0.0, 1.0, 1e-06, 0.0, 0.0, 0.0, 0.0, 1.0],
                [1.0, 0.0, -0.0, 0.0, -0.0, 1e-06, -1.0, 0.37472, -0.0, 1.0, 1e-06, 0.0, 0.0, 0.0, 0.0, 1.0],
                [1.0, 0.0, -0.0, 0.0, -0.0, 1e-06, -1.0, 0.37472, -0.0, 1.0, 1e-06, 0.0, 0.0, 0.0, 0.0, 1.0]
            ]
        },
        {
            "name": "Torso",
            "time": [0.0, 0.0417, 0.0833, 0.125, 0.2083, 0.2917],