{
  "animation": [
    {
      "name": "Root",
      "time": [0.0, 0.125, 0.2917, 1.0],
      "transform": [
        [0.853277, 0.066157, -0.517244, -5e-06, -0.518167, 0.218828, -0.826811, 0.000946, 0.058488, 0.973518, 0.221001, 0.553866, 0.0, 0.0, 0.0, 1.0],
        [0.647331, -0.20995, -0.732724, -5e-06, -0.745519, 0.025667, -0.66599, 0.174914, 0.158631, 0.977375, -0.139907, 0.664681, 0.0, 0.0, 0.0, 1.0],
        [0.647331, -0.20995, -0.732724, -5e-06, -0.745519, 0.025667, -0.66599, 0.34991, 0.158631, 0.977375, -0.139907, 1.324156, 0.0, 0.0, 0.0, 1.0],
        [0.647331, -0.20995, -0.732724, -5e-06, -0.745519, 0.025667, -0.66599, 0.34991, 0.158631, 0.977375, -0.139907, 1.324156, 0.0, 0.0, 0.0, 1.0]
      ]
    },
    {
      "name": "Thigh_R",
      "time": [0.0, 0.125, 0.2917, 1.0],
      "transform": [
        [0.967837, 0.230432, -0.100959, 0.124994, 0.190959, -0.934144, -0.301512, -0.002831, -0.163789, 0.272536, -0.948102, -1.2e-05, 0.0, 0.0, 0.0, 1.0],
        [0.78736, 0.288922, 0.544599, 0.124994, 0.263673, -0.956328, 0.126147, -0.002831, 0.557262, 0.044274, -0.829156, -1.2e-05, 0.0, 0.0, 0.0, 1.0],
        [0.718854, 0.606551, 0.339625, 0.124994, 0.388287, -0.75558, 0.527572, -0.002831, 0.576613, -0.247376, -0.778667, -1.2e-05, 0.0, 0.0, 0.0, 1.0],
        [0.718854, 0.606551, 0.339625, 0.124994, 0.388287, -0.75558, 0.527572, -0.002831, 0.576613, -0.247376, -0.778667, -1.2e-05, 0.0, 0.0, 0.0, 1.0]
      ]
    },
    {
      "name": "Leg_R",
      "time": [0.0, 0.125, 0.2917, 1.0],
      "transform": [
        [0.975734, 0.035372, -0.216082, -0.0, 0.124866, 0.720778, 0.681827, 0.37472, 0.179865, -0.692263, 0.698871, -0.0, 0.0, 0.0, 0.0, 1.0],
        [0.975047, -0.212683, 0.063633, 0.0, 0.055197, 0.509899, 0.858462, 0.37472, -0.215027, -0.833528, 0.508915, 0.0, 0.0, 0.0, 0.0, 1.0],
        [0.975047, -0.191449, -0.112386, 0.0, 0.055197, -0.281274, 0.958039, 0.37472, -0.215027, -0.940336, -0.263688, -0.0, 0.0, 0.0, 0.0, 1.0],
        [0.975047, -0.191449, -0.112386, 0.0, 0.055197, -0.281274, 0.958039, 0.37472, -0.215027, -0.940336, -0.263688, -0.0, 0.0, 0.0, 0.0, 1.0]
      ]
    },
    {
      "name": "Knee_R",
      "time": [0.0, 0.125, 0.2917, 1.0],
      "transform": [
        [0.995354, -0.095791, 0.009697, -0.0, 0.032232, 0.236618, -0.971068, 0.37472, 0.090725, 0.966869, 0.238606, -0.0, 0.0, 0.0, 0.0, 1.0],
        [0.995354, -0.095791, 0.009697, 0.0, 0.032232, 0.236618, -0.971068, 0.37472, 0.090725, 0.966869, 0.238606, 0.0, 0.0, 0.0, 0.0, 1.0],
        [0.998485, -0.020778, 0.05095, 0.0, 0.052581, 0.633156, -0.772237, 0.37472, -0.016213, 0.773746, 0.633289, -0.0, 0.0, 0.0, 0.0, 1.0],
        [0.998485, -0.020778, 0.05095, 0.0, 0.052581, 0.633156, -0.772237, 0.37472, -0.016213, 0.773746, 0.633289, -0.0, 0.0, 0.0, 0.0, 1.0]
      ]
    },
    {
      "name": "Thigh_L",
      "time": [0.0, 0.125, 0.2917, 1.0],
      "transform": [
        [0.750185, -0.635275, -0.183436, -0.125006, 0.009822, -0.266681, 0.963735, -0.002831, -0.661156, -0.72478, -0.193821, -1.2e-05, 0.0, 0.0, 0.0, 1.0],
        [0.960703, 0.169978, 0.219449, -0.125006, -0.049439, -0.67316, 0.737842, -0.002831, 0.273141, -0.719696, -0.638304, -1.2e-05, 0.0, 0.0, 0.0, 1.0],
        [0.98986, -0.130292, 0.056569, -0.125006, -0.128433, -0.991088, -0.035347, -0.002831, 0.06067, 0.027724, -0.997773, -1.2e-05, 0.0, 0.0, 0.0, 1.0],
        [0.98986, -0.130292, 0.056569, -0.125006, -0.128433, -0.991088, -0.035347, -0.002831, 0.06067, 0.027724, -0.997773, -1.2e-05, 0.0, 0.0, 0.0, 1.0]
      ]
    },
    {
      "name": "Leg_L",
      "time": [0.0, 0.125, 0.2917, 1.0],
      "transform": [
        [0.999969, -0.004141, 0.006704, -0.0, -0.007569, -0.267951, 0.963403, 0.37472, -0.002193, -0.963423, -0.267974, 0.0, 0.0, 0.0, 0.0, 1.0],
        [0.999969, -0.002046, 0.00761, -0.0, -0.007569, 0.019448, 0.999782, 0.37472, -0.002193, -0.999809, 0.019432, 0.0, 0.0, 0.0, 0.0, 1.0],
        [0.999925, 0.011532, -0.004173, -0.0, -0.010782, 0.988784, 0.148965, 0.37472, 0.005844, -0.148909, 0.988834, 0.0, 0.0, 0.0, 0.0, 1.0],
        [0.999925, 0.011532, -0.004173, -0.0, -0.010782, 0.988784, 0.148965, 0.37472, 0.005844, -0.148909, 0.988834, 0.0, 0.0, 0.0, 0.0, 1.0]
      ]
    },
    {
      "name": "Knee_L",
      "time": [0.0, 0.125, 0.2917, 1.0],
      "transform": [
        [1.0, 0.0, 0.0, -0.0, -0.0, 0.683909, -0.729567, 0.37472, -0.0, 0.729567, 0.683909, 0.0, 0.0, 0.0, 0.0, 1.0],
        [1.0, 0.0, 0.0, -0.0, -0.0, 0.683909, -0.729567, 0.37472, -0.0, 0.729567, 0.683909, 0.0, 0.0, 0.0, 0.0, 1.0],
        [1.0, 0.0, -0.0, -0.0, -0.0, 1e-06, -1.0, 0.37472, -0.0, 1.0, 1e-06, 0.0, 0.0, 0.0, 0.0, 1.0],
        [1.0, 0.0, -0.0, -0.0, -0.0, 1e-06, -1.0, 0.37472, -0.0, 1.0, 1e-06, 0.0, 0.0, 0.0, 0.0, 1.0]
      ]
    },
    {
      "name": "Torso",
      "time": [0.0, 0.125, 0.2917, 1.0],
      "transform": [
        [0.95549, -0.0, -0.295025, -0.0, -0.03331, 0.993606, -0.107879, 0.05, 0.293138, 0.112905, 0.94938, -0.0, 0.0, 0.0, 0.0, 1.0],
        [0.970372, 0.021825, -0.240626, -0.0, -0.027279, 0.99944, -0.019359, 0.05, 0.240069, 0.02535, 0.970425, -0.0, 0.0, 0.0, 0.0, 1.0],
        [0.970372, 0.021825, -0.240626, -0.0, -0.027279, 0.99944, -0.019359, 0.05, 0.240069, 0.02535, 0.970425, -0.0, 0.0, 0.0, 0.0, 1.0],
        [0.970372, 0.021825, -0.240626, -0.0, -0.027279, 0.99944, -0.019359, 0.05, 0.240069, 0.02535, 0.970425, -0.0, 0.0, 0.0, 0.0, 1.0]
      ]
    },
    {
      "name": "Chest",
      "time": [0.0, 0.125, 0.2917, 1.0],
      "transform": [
        [0.965223, 0.151492, -0.213059, -0.0, -0.126903, 0.984036, 0.124774, 0.3, 0.22856, -0.093397, 0.969039, 0.0, 0.0, 0.0, 0.0, 1.0],
        [0.965223, 0.179002, -0.190532, 0.0, -0.126903, 0.958004, 0.257147, 0.3, 0.22856, -0.224025, 0.947403, 0.0, 0.0, 0.0, 0.0, 1.0],
        [0.925986, 0.179002, -0.332429, 0.0, -0.087111, 0.958004, 0.273204, 0.3, 0.367372, -0.224025, 0.90269, 0.0, 0.0, 0.0, 0.0, 1.0],
        [0.925986, 0.179002, -0.332429, 0.0, -0.087111, 0.958004, 0.273204, 0.3, 0.367372, -0.224025, 0.90269, 0.0, 0.0, 0.0, 0.0, 1.0]
      ]
    },
    {
      "name": "Head",
      "time": [0.0, 0.125, 0.2917, 1.0],
      "transform": [
        [0.434138, -0.048473, 0.899541, -0.0, 0.140627, 0.989956, -0.014525, 0.4, -0.889803, 0.132805, 0.436594, 0.0, 0.0, 0.0, 0.0, 1.0],
        [0.445874, -0.003303, 0.89509, -0.0, -0.02191, 0.999653, 0.014603, 0.4, -0.894827, -0.026123, 0.445647, -0.0, 0.0, 0.0, 0.0, 1.0],
        [0.938615, -0.0, 0.344966, -0.0, 0.0, 1.0, 0.0, 0.4, -0.344966, 0.0, 0.938615, 0.0, 0.0, 0.0, 0.0, 1.0],
        [0.938615, -0.0, 0.344966, -0.0, 0.0, 1.0, 0.0, 0.4, -0.344966, 0.0, 0.938615, 0.0, 0.0, 0.0, 0.0, 1.0]
      ]
    },
    {
      "name": "Shoulder_R",
      "time": [0.0, 0.125, 0.2917, 1.0],
      "transform": [
        [-0.307117, 0.901481, 0.304978, -0.0, 0.079646, -0.294993, 0.952174, 0.4, 0.948333, 0.316719, 0.018798, 0.0, 0.0, 0.0, 0.0, 1.0],
        [-0.307117, 0.901481, 0.304978, -0.0, 0.079646, -0.294993, 0.952174, 0.4, 0.948333, 0.316719, 0.018798, -0.0, 0.0, 0.0, 0.0, 1.0],
        [-0.307117, 0.901481, 0.304978, -0.0, 0.079646, -0.294993, 0.952174, 0.4, 0.948333, 0.316719, 0.018798, 0.0, 0.0, 0.0, 0.0, 1.0],
        [-0.307117, 0.901481, 0.304978, -0.0, 0.079646, -0.294993, 0.952174, 0.4, 0.948333, 0.316719, 0.018798, 0.0, 0.0, 0.0, 0.0, 1.0]
      ]
    },
    {
      "name": "Arm_R",
      "time": [0.0, 0.2917, 1.0],
      "transform": [
        [0.403579, 0.387503, -0.828834, 0.0, -0.156841, 0.921775, 0.354586, 0.39386, 0.901402, -0.013108, 0.432785, 0.0, 0.0, 0.0, 0.0, 1.0],
        [0.432333, -0.08348, -0.897841, 0.0, 0.105574, 0.993543, -0.041542, 0.39386, 0.895512, -0.076828, 0.438355, 0.0, 0.0, 0.0, 0.0, 1.0],
        [0.432333, -0.08348, -0.897841, 0.0, 0.105574, 0.993543, -0.041542, 0.39386, 0.895512, -0.076828, 0.438355, 0.0, 0.0, 0.0, 0.0, 1.0]
      ]
    },
    {
      "name": "Hand_R",
      "time": [0.0, 0.2917, 1.0],