{
    "animation": [
        {
            "name": "Root",
            "time": [0.0, 0.5, 0.7917, 1.125, 2.0],
            "transform": [
                [1.0, 0.0, 0.0, -5e-06, 0.0, 0.0, -1.0, 0.000946, 0.0, 1.0, 0.0, 1.112465, 0.0, 0.0, 0.0, 1.0],
                [1.0, 0.0, 0.0, -5e-06, 0.0, 0.0, -1.0, -0.002233, 0.0, 1.0, 0.0, 1.094968, 0.0, 0.0, 0.0, 1.0],
                [1.0, 0.0, 0.0, -5e-06, 0.0, -0.4219, -0.906642, 0.181858, 0.0, 0.906642, -0.4219, 1.138213, 0.0, 0.0, 0.0, 1.0],
                [1.0, 0.0, 0.0, -5e-06, 0.0, -0.4219, -0.906642, 0.181858, 0.0, 0.906642, -0.4219, 1.138213, 0.0, 0.0, 0.0, 1.0],
                [1.0, 0.0, 0.0, -5e-06, 0.0, -0.073589, -0.997289, 0.366711, 0.0, 0.997289, -0.073589, 0.649466, 0.0, 0.0, 0.0, 1.0]
            ]
        },
        {
            "name": "Thigh_R",
            "time": [0.0, 0.5, 0.7917, 1.125, 2.0],
            "transform": [
                [0.993509, 0.107941, 0.03589, 0.124994, 0.071609, -0.838635, 0.539965, -0.002831, 0.088383, -0.53389, -0.840922, -1.2e-05, 0.0, 0.0, 0.0, 1.0],
                [0.993509, 0.107941, 0.03589, 0.124994, 0.071609, -0.838635, 0.539965, -0.002831, 0.088383, -0.53389, -0.840922, -1.2e-05, 0.0, 0.0, 0.0, 1.0],
                [0.940065, 0.335384, 0.061609, 0.124994, 0.317997, -0.927463, 0.196698, -0.002831, 0.123109, -0.165317, -0.978527, -1.2e-05, 0.0, 0.0, 0.0, 1.0],
                [0.940065, 0.335384, 0.061609, 0.124994, 0.317997, -0.927463, 0.196698, -0.002831, 0.123109, -0.165317, -0.978527, -1.2e-05, 0.0, 0.0, 0.0, 1.0],
                [0.967279, 0.231311, -0.104245, 0.124994, 0.249288, -0.790035, 0.560089, -0.002831, 0.047198, -0.567749, -0.821848, -1.2e-05, 0.0, 0.0, 0.0, 1.0]
            ]
        },
        {
            "name": "Leg_R",
            "time": [0.0, 0.5, 0.7917, 1.125, 2.0],
            "transform": [
                [0.993892, 0.059899, 0.092686, 0.0, -0.087296, -0.087076, 0.99237, 0.37472, 0.067512, -0.994399, -0.081315, 0.0, 0.0, 0.0, 0.0, 1.0],
                [0.993892, 0.059899, 0.092686, 0.0, -0.087296, -0.087076, 0.99237, 0.37472, 0.067512, -0.994399, -0.081315, 0.0, 0.0, 0.0, 0.0, 1.0],
                [0.999634, -0.018462, 0.019763, 0.0, -0.012226, 0.343309, 0.939143, 0.37472, -0.024123, -0.939041, 0.342957, 0.0, 0.0, 0.0, 0.0, 1.0],
                [0.999634, -0.018462, 0.019763, 0.0, -0.012226, 0.343309, 0.939143, 0.37472, -0.024123, -0.939041, 0.342957, 0.0, 0.0, 0.0, 0.0, 1.0],
                [0.999634, -0.018462, 0.019763, 0.0, -0.012226, 0.343308, 0.939143, 0.37472, -0.024123, -0.939041, 0.342957, -0.0, 0.0, 0.0, 0.0, 1.0]
            ]
        },
        {
            "name": "Knee_R",
            "time": [0.0, 0.5, 0.7917, 1.125, 2.0],
            "transform": [
                [1.0, 0.0, -0.0, 0.0, -0.0, 0.769562, -0.638573, 0.37472, -0.0, 0.638573, 0.769561, 0.0, 0.0, 0.0, 0.0, 1.0],
                [1.0, 0.0, -0.0, 0.0, -0.0, 0.769562, -0.638573, 0.37472, -0.0, 0.638573, 0.769561, 0.0, 0.0, 0.0, 0.0, 1.0],
                [1.0, 0.0, -0.0, 0.0, -0.0, 0.35213, -0.935951, 0.37472, -0.0, 0.935951, 0.35213, 0.0, 0.0, 0.0, 0.0, 1.0],
                [1.0, 0.0, -0.0, 0.0, -0.0, 0.35213, -0.935951, 0.37472, -0.0, 0.935951, 0.35213, 0.0, 0.0, 0.0, 0.0, 1.0],
                [1.0, 0.0, -0.0, 0.0, -0.0, 0.35213, -0.935951, 0.37472, -0.0, 0.935951, 0.35213, -0.0, 0.0, 0.0, 0.0, 1.0]
            ]
        },
        {
            "name": "Thigh_L",
            "time": [0.0, 0.5, 0.7917, 1.125, 2.0],
            "transform": [
                [0.997157, -0.016836, -0.073449, -0.125006, 0.000105, -0.97441, 0.224776, -0.002831, -0.075354, -0.224144, -0.971638, -1.2e-05, 0.0, 0.0, 0.0, 1.0],
                [0.997157, -0.016836, -0.073449, -0.125006, 0.000105, -0.97441, 0.224776, -0.002831, -0.075354, -0.224144, -0.971638, -1.2e-05, 0.0, 0.0, 0.0, 1.0],
                [0.941997, -0.275678, -0.191423, -0.125006, -0.304286, -0.942153, -0.140559, -0.002831, -0.141601, 0.190654, -0.971391, -1.2e-05, 0.0, 0.0, 0.0, 1.0],
                [0.941997, -0.275678, -0.191423, -0.125006, -0.304286, -0.942153, -0.140559, -0.002831, -0.141601, 0.190654, -0.971391, -1.2e-05, 0.0, 0.0, 0.0, 1.0],
                [0.971602, -0.235581, -0.022168, -0.125006, -0.209522, -0.900078, 0.382048, -0.002831, -0.109956, -0.366553, -0.923877, -1.2e-05, 0.0, 0.0, 0.0, 1.0]
            ]
        },
        {
            "name": "Leg_L",
            "time": [0.0, 0.5, 0.7917, 1.125, 2.0],
            "transform": [
                [1.0, 0.0, 1e-06, -0.0, -0.0, 0.97983, 0.19983, 0.37472, -1e-06, -0.19983, 0.979831, -0.0, 0.0, 0.0, 0.0, 1.0],
                [1.0, 0.0, 1e-06, -0.0, -0.0, 0.97983, 0.19983, 0.37472, -1e-06, -0.19983, 0.979831, -0.0, 0.0, 0.0, 0.0, 1.0],
                [1.0, -0.0, 1e-06, 0.0, -0.0, 0.777369, 0.629045, 0.37472, -1e-06, -0.629045, 0.777369, 0.0, 0.0, 0.0, 0.0, 1.0],
                [1.0, -0.0, 1e-06, 0.0, -0.0, 0.777369, 0.629045, 0.37472, -1e-06, -0.629045, 0.777369, 0.0, 0.0, 0.0, 0.0, 1.0],
                [1.0, -0.0, 1e-06, 0.0, -0.0, 0.777369, 0.629045, 0.37472, -1e-06, -0.629045, 0.777369, 0.0, 0.0, 0.0, 0.0, 1.0]
            ]
        },
        {
            "name": "Knee_L",
            "time": [0.0, 0.5, 0.7917, 1.125, 2.0],
            "transform": [
                [1.0, 0.0, -0.0, -0.0, -0.0, 1e-06, -1.0, 0.37472, -0.0, 1.0, 1e-06, -0.0, 0.0, 0.0, 0.0, 1.0],
                [1.0, 0.0, -0.0, -0.0, -0.0, 1e-06, -1.0, 0.37472, -0.0, 1.0, 1e-06, -0.0, 0.0, 0.0, 0.0, 1.0],
                [1.0, 0.0, -0.0, 0.0, -0.0, 0.251922, -0.967748, 0.37472, -0.0, 0.967748, 0.251922, 0.0, 0.0, 0.0, 0.0, 1.0],
                [1.0, 0.0, -0.0, 0.0, -0.0, 0.251922, -0.967748, 0.37472, -0.0, 0.967748, 0.251922, 0.0, 0.0, 0.0, 0.0, 1.0],
                [1.0, 0.0, -0.0, 0.0, -0.0, 0.251922, -0.967748, 0.37472, -0.0, 0.967748, 0.251922, 0.0, 0.0, 0.0, 0.0, 1.0]
            ]
        },
        {
            "name": "Torso",
            "time": [0.0, 0.5, 0.7917, 1.125, 2.0],
            "transform": [
                [1.0, 0.0, 0.0, 0.0, 0.0, 0.742947, 0.669351, 0.05, 0.0, -0.669351, 0.742947, 0.0, 0.0, 0.0, 0.0, 1.0],
                [1.0, 0.0, 0.0, 0.0, 0.0, 0.908428, 0.418042, 0.05, 0.0, -0.418042, 0.908428, 0.0, 0.0, 0.0, 0.0, 1.0],
                [1.0, 0.0, 0.0, 0.0, 0.0, 0.988301, 0.152517, 0.05, 0.0, -0.152517, 0.988301, -0.0, 0.0, 0.0, 0.0, 1.0],
                [1.0, 0.0, 0.0, 0.0, 0.0, 0.988301, 0.152517, 0.05, 0.0, -0.152517, 0.988301, -0.0, 0.0, 0.0, 0.0, 1.0],
                [1.0, 0.0, 0.0, 0.0, 0.0, 0.988301, 0.152517, 0.05, 0.0, -0.152517, 0.988301, -0.0, 0.0, 0.0, 0.0, 1.0]
            ]
        },
        {
            "name": "Chest",
            "time": [0.0, 0.5, 0.7917, 1.125, 2.0],
            "transform": [
                [1.0, 0.0, 0.0, 0.0, 0.0, 0.883231, 0.468938, 0.3, 0.0, -0.468938, 0.883231, 0.0, 0.0, 0.0, 0.0, 1.0],
                [1.0, 0.0, 0.0, 0.0, 0.0, 0.86242, 0.506193, 0.3, 0.0, -0.506193, 0.86242, -0.0, 0.0, 0.0, 0.0, 1.0],
                [1.0, 0.0, 0.0, -0.0, 0.0, 0.997984, 0.063465, 0.3, 0.0, -0.063465, 0.997984, 0.0, 0.0, 0.0, 0.0, 1.0],
                [1.0, 0.0, 0.0, -0.0, 0.0, 0.997984, 0.063465, 0.3, 0.0, -0.063465, 0.997984, 0.0, 0.0, 0.0, 0.0, 1.0],
                [1.0, 0.0, 0.0, 0.0, 0.0, 0.617861, 0.786287, 0.3, 0.0, -0.786287, 0.617861, 0.0, 0.0, 0.0, 0.0, 1.0]
            ]
        },
        {
            "name": "Head",
            "time": [0.0, 0.5, 0.7917, 1.125, 2.0],