{
  "animation": [
    {
      "name": "Root",
      "time": [0.0, 0.3333, 0.4583, 0.9167, 1.375, 1.7083],
      "transform": [
        [-0.168184, -0.067569, 0.983437, -0.021984, 0.983018, -0.085804, 0.162217, -0.006112, 0.073422, 0.994018, 0.080853, 1.390596, 0.0, 0.0, 0.0, 1.0],
        [0.899215, -0.067569, 0.432257, -0.021984, 0.426405, -0.085804, -0.900454, -0.006112, 0.097932, 0.994018, -0.048344, 1.390596, 0.0, 0.0, 0.0, 1.0],
        [0.942013, -0.067569, -0.328705, -0.021984, -0.333724, -0.085804, -0.938758, -0.006112, 0.035227, 0.994018, -0.103378, 1.390596, 0.0, 0.0, 0.0, 1.0],
        [0.662969, -0.067569, -0.745592, -0.021984, -0.748392, -0.085804, -0.657683, -0.006112, -0.019536, 0.994018, -0.107454, 1.390596, 0.0, 0.0, 0.0, 1.0],
        [-0.751043, -0.067569, -0.656787, -0.021984, -0.651478, -0.085804, 0.7538, -0.006112, -0.107289, 0.994018, 0.020423, 1.390596, 0.0, 0.0, 0.0, 1.0],
        [-0.964128, -0.046504, 0.261333, -0.021984, 0.265326, -0.140202, 0.953911, -0.006112, -0.007721, 0.98903, 0.147511, 1.390596, 0.0, 0.0, 0.0, 1.0]
      ]
    },
    {
      "name": "Thigh_R",
      "time": [0.0, 0.3333, 0.4583, 0.9167, 1.6667, 1.7083],
      "transform": [
        [0.896995, 0.231233, 0.376737, 0.124994, 0.046437, -0.896844, 0.439901, -0.002831, 0.439595, -0.377094, -0.815203, -1.2e-05, 0.0, 0.0, 0.0, 1.0],
        [0.803443, 0.233442, 0.547708, 0.124994, 0.389987, -0.901452, -0.187866, -0.002831, 0.449877, 0.364539, -0.815305, -1.2e-05, 0.0, 0.0, 0.0, 1.0],
        [0.859236, 0.084917, 0.504482, 0.124994, 0.115374, -0.992888, -0.029375, -0.002831, 0.4984, 0.083445, -0.862922, -1.2e-05, 0.0, 0.0, 0.0, 1.0],
        [0.896995, 0.231233, 0.376737, 0.124994, 0.046437, -0.896845, 0.439901, -0.002831, 0.439595, -0.377094, -0.815203, -1.2e-05, 0.0, 0.0, 0.0, 1.0],
        [0.914983, 0.286879, 0.283735, 0.124994, 0.128856, -0.87413, 0.468287, -0.002831, 0.382363, -0.391913, -0.836781, -1.2e-05, 0.0, 0.0, 0.0, 1.0],
        [0.914983, 0.286879, 0.283735, 0.124994, 0.128856, -0.87413, 0.468287, -0.002831, 0.382363, -0.391913, -0.836781, -1.2e-05, 0.0, 0.0, 0.0, 1.0]
      ]
    },
    {
      "name": "Leg_R",
      "time": [0.0, 0.3333, 0.4583, 0.9167, 1.6667, 1.7083],
      "transform": [
        [0.975047, -0.172271, -0.140021, 0.0, 0.055198, -0.422794, 0.904544, 0.37472, -0.215027, -0.889701, -0.402735, -0.0, 0.0, 0.0, 0.0, 1.0],
        [1.0, 0.0, 1e-06, -0.0, -0.0, 0.987242, 0.159225, 0.37472, -1e-06, -0.159225, 0.987242, 0.0, 0.0, 0.0, 0.0, 1.0],
        [0.998019, -0.061481, 0.013319, 0.0, 0.051074, 0.915525, 0.399004, 0.37472, -0.036725, -0.397534, 0.916852, 0.0, 0.0, 0.0, 0.0, 1.0],
        [0.975047, -0.172271, -0.140021, -0.0, 0.055198, -0.422794, 0.904544, 0.37472, -0.215027, -0.889701, -0.402735, -0.0, 0.0, 0.0, 0.0, 1.0],
        [1.0, -0.0, 0.0, 0.0, -0.0, 0.514734, 0.85735, 0.37472, -1e-06, -0.85735, 0.514734, 0.0, 0.0, 0.0, 0.0, 1.0],
        [1.0, -0.0, 0.0, 0.0, -0.0, 0.514734, 0.85735, 0.37472, -1e-06, -0.85735, 0.514734, 0.0, 0.0, 0.0, 0.0, 1.0]
      ]
    },
    {
      "name": "Knee_R",
      "time": [0.0, 0.3333, 0.4583, 0.9167, 1.6667, 1.7083],
      "transform": [
        [0.998485, -0.033076, 0.043973, 0.0, 0.052581, 0.809043, -0.585392, 0.37472, -0.016214, 0.586818, 0.809557, -0.0, 0.0, 0.0, 0.0, 1.0],
        [1.0, 0.0, -0.0, -0.0, -0.0, 0.159226, -0.987242, 0.37472, -0.0, 0.987242, 0.159226, 0.0, 0.0, 0.0, 0.0, 1.0],
        [0.999895, -0.003277, 0.014108, 0.0, 0.014483, 0.233738, -0.972192, 0.37472, -0.000112, 0.972294, 0.233761, 0.0, 0.0, 0.0, 0.0, 1.0],
        [0.998485, -0.033076, 0.043973, -0.0, 0.052581, 0.809043, -0.585392, 0.37472, -0.016214, 0.586818, 0.809557, -0.0, 0.0, 0.0, 0.0, 1.0],
        [1.0, 0.0, -0.0, 0.0, -0.0, 1e-06, -1.0, 0.37472, -0.0, 1.0, 1e-06, 0.0, 0.0, 0.0, 0.0, 1.0],
        [1.0, 0.0, -0.0, 0.0, -0.0, 1e-06, -1.0, 0.37472, -0.0, 1.0, 1e-06, 0.0, 0.0, 0.0, 0.0, 1.0]
      ]
    },
    {
      "name": "Thigh_L",
      "time": [0.0, 0.3333, 0.4583, 0.9167, 1.6667, 1.7083],
      "transform": [
        [0.991878, -0.082297, -0.096975, -0.125006, -0.023192, -0.866695, 0.498299, -0.002831, -0.125056, -0.492003, -0.861565, -1.2e-05, 0.0, 0.0, 0.0, 1.0],
        [0.830519, -0.529401, 0.173126, -0.125006, -0.507624, -0.84735, -0.155935, -0.002831, 0.229251, 0.041625, -0.972477, -1.2e-05, 0.0, 0.0, 0.0, 1.0],
        [0.898759, -0.119625, 0.421809, -0.125006, -0.423041, -0.489364, 0.762601, -0.002831, 0.115192, -0.863836, -0.490426, -1.2e-05, 0.0, 0.0, 0.0, 1.0],
        [0.991878, -0.082297, -0.096975, -0.125006, -0.023192, -0.866695, 0.498299, -0.002831, -0.125056, -0.492003, -0.861565, -1.2e-05, 0.0, 0.0, 0.0, 1.0],
        [0.989928, -0.089158, 0.109972, -0.125006, -0.102347, -0.987388, 0.120785, -0.002831, 0.097816, -0.130824, -0.986568, -1.2e-05, 0.0, 0.0, 0.0, 1.0],
        [0.989928, -0.089158, 0.109972, -0.125006, -0.102347, -0.987388, 0.120785, -0.002831, 0.097816, -0.130824, -0.986568, -1.2e-05, 0.0, 0.0, 0.0, 1.0]
      ]
    },
    {
      "name": "Leg_L",
      "time": [0.0, 0.3333, 0.4583, 0.9167, 1.6667, 1.7083],
      "transform": [
        [0.999925, 0.0066, 0.010336, -0.0, -0.010781, 0.071446, 0.997386, 0.37472, 0.005844, -0.997423, 0.071512, 0.0, 0.0, 0.0, 0.0, 1.0],
        [0.999715, 0.006841, -0.022874, -0.0, -0.00478, 0.996021, 0.088989, 0.37472, 0.023392, -0.088854, 0.99577, 0.0, 0.0, 0.0, 0.0, 1.0],
        [0.943027, 0.318157, 0.097349, -0.0, -0.146413, 0.134083, 0.980095, 0.37472, 0.298771, -0.938508, 0.173026, -0.0, 0.0, 0.0, 0.0, 1.0],
        [0.999925, 0.0066, 0.010336, 0.0, -0.010781, 0.071446, 0.997386, 0.37472, 0.005844, -0.997423, 0.071512, -0.0, 0.0, 0.0, 0.0, 1.0],
        [1.0, 0.0, 1e-06, 0.0, -0.0, 0.99066, 0.136353, 0.37472, -1e-06, -0.136353, 0.99066, 0.0, 0.0, 0.0, 0.0, 1.0],
        [1.0, 0.0, 1e-06, -0.0, -0.0, 0.99066, 0.136353, 0.37472, -1e-06, -0.136353, 0.99066, -0.0, 0.0, 0.0, 0.0, 1.0]
      ]
    },
    {
      "name": "Knee_L",
      "time": [0.0, 0.3333, 0.4583, 0.9167, 1.6667, 1.7083],
      "transform": [
        [1.0, 0.0, -0.0, -0.0, -0.0, 0.691016, -0.72284, 0.37472, 0.0, 0.72284, 0.691016, 0.0, 0.0, 0.0, 0.0, 1.0],
        [1.0, 0.0, -0.0, -0.0, -0.0, 1e-06, -1.0, 0.37472, -0.0, 1.0, 1e-06, 0.0, 0.0, 0.0, 0.0, 1.0],
        [0.963207, 0.046318, -0.26474, -0.0, -0.217033, 0.715049, -0.664531, 0.37472, 0.158522, 0.697538, 0.698792, -0.0, 0.0, 0.0, 0.0, 1.0],
        [1.0, 0.0, -0.0, 0.0, -0.0, 0.691016, -0.72284, 0.37472, 0.0, 0.72284, 0.691016, -0.0, 0.0, 0.0, 0.0, 1.0],
        [1.0, 0.0, -0.0, 0.0, -0.0, 1e-06, -1.0, 0.37472, -0.0, 1.0, 1e-06, 0.0, 0.0, 0.0, 0.0, 1.0],
        [1.0, 0.0, -0.0, -0.0, -0.0, 1e-06, -1.0, 0.37472, -0.0, 1.0, 1e-06, -0.0, 0.0, 0.0, 0.0, 1.0]
      ]
    },
    {
      "name": "Torso",
      "time": [0.0, 0.3333, 0.4583, 0.9167, 1.375, 1.7083],
      "transform": [
        [0.970372, 0.073126, -0.230282, -0.0, -0.027279, 0.980164, 0.196299, 0.05, 0.240069, -0.184201, 0.953119, -0.0, 0.0, 0.0, 0.0, 1.0],
        [0.967347, 0.105879, -0.230282, 0.0, -0.06039, 0.978683, 0.196299, 0.05, 0.246157, -0.175983, 0.95312, 0.0, 0.0, 0.0, 0.0, 1.0],
        [0.965219, 0.123785, -0.230282, -0.0, -0.078513, 0.977396, 0.196299, 0.05, 0.249376, -0.171391, 0.95312, 0.0, 0.0, 0.0, 0.0, 1.0],
        [0.963216, 0.138511, -0.230282, -0.0, -0.093431, 0.976083, 0.196299, 0.05, 0.251964, -0.167563, 0.953119, -0.0, 0.0, 0.0, 0.0, 1.0],
        [0.763698, 0.099135, -0.637916, 0.0, 0.0, 0.988139, 0.153561, 0.05, 0.645573, -0.117274, 0.75464, -0.0, 0.0, 0.0, 0.0, 1.0],
        [0.901591, 0.031358, -0.431452, -0.0, 0.042215, 0.986231, 0.159894, 0.05, 0.430526, -0.162373, 0.887853, -0.0, 0.0, 0.0, 0.0, 1.0]
      ]
    },
    {
      "name": "Chest",
      "time": [0.0, 0.3333, 0.4583, 0.9167, 1.375, 1.7083],