{
    "animation": [
        {
            "name": "Root",
            "time": [0.0, 0.2917, 0.4583, 0.6667, 0.9583, 1.125],
            "transform": [
                [1.0, 0.0, 0.0, -5e-06, 0.0, 0.786509, -0.617579, 0.799324, 0.0, 0.617579, 0.786509, 0.770908, 0.0, 0.0, 0.0, 1.0],
                [-0.865647, 0.205289, 0.456631, -5e-06, 0.033144, 0.933565, -0.356872, 1.007815, -0.499557, -0.293791, -0.814942, 0.770908, 0.0, 0.0, 0.0, 1.0],
                [-0.77731, -0.370726, -0.508284, -5e-06, -0.1206, 0.880754, -0.457961, 1.199847, 0.617451, -0.294678, -0.729328, 0.770908, 0.0, 0.0, 0.0, 1.0],
                [0.875345, -0.32602, -0.357046, -5e-06, -0.195563, 0.436625, -0.878131, 1.285063, 0.442183, 0.838493, 0.31844, 0.770908, 0.0, 0.0, 0.0, 1.0],
                [0.997991, -0.038117, -0.050604, -5e-06, -0.051348, -0.018802, -0.998504, 1.50668, 0.037109, 0.999096, -0.020721, 0.770908, 0.0, 0.0, 0.0, 1.0],
                [0.997991, -0.038117, -0.050604, -5e-06, -0.051348, -0.018802, -0.998504, 1.50668, 0.037109, 0.999096, -0.020721, 0.770908, 0.0, 0.0, 0.0, 1.0]
            ]
        },
        {
            "name": "Thigh_R",
            "time": [0.0, 0.9583, 1.125],
            "transform": [
                [0.955132, 0.138312, 0.261902, 0.124994, 0.243159, -0.871059, -0.426767, -0.002831, 0.169105, 0.471303, -0.865608, -1.2e-05, 0.0, 0.0, 0.0, 1.0],
                [0.927153, 0.354864, 0.12024, 0.124994, 0.345184, -0.933791, 0.094242, -0.002831, 0.145722, -0.045871, -0.988262, -1.2e-05, 0.0, 0.0, 0.0, 1.0],
                [0.927153, 0.354864, 0.12024, 0.124994, 0.345184, -0.933791, 0.094242, -0.002831, 0.145722, -0.045871, -0.988262, -1.2e-05, 0.0, 0.0, 0.0, 1.0]
            ]
        },
        {
            "name": "Leg_R",
            "time": [0.0, 0.9583, 1.125],
            "transform": [
                [1.0, -0.0, 1e-06, -0.0, -0.0, 0.862454, 0.506136, 0.37472, -1e-06, -0.506136, 0.862454, -0.0, 0.0, 0.0, 0.0, 1.0],
                [1.0, -0.0, 0.0, -0.0, -0.0, 0.260306, 0.965526, 0.37472, -1e-06, -0.965526, 0.260306, 0.0, 0.0, 0.0, 0.0, 1.0],
                [1.0, -0.0, 0.0, -0.0, -0.0, 0.260306, 0.965526, 0.37472, -1e-06, -0.965526, 0.260306, 0.0, 0.0, 0.0, 0.0, 1.0]
            ]
        },
        {
            "name": "Knee_R",
            "time": [0.0, 0.9583, 1.125],
            "transform": [
                [1.0, 0.0, -0.0, -0.0, -0.0, 0.230278, -0.973125, 0.37472, -0.0, 0.973125, 0.230278, -0.0, 0.0, 0.0, 0.0, 1.0],
                [1.0, 0.0, -0.0, -0.0, -0.0, 0.556361, -0.83094, 0.37472, -0.0, 0.83094, 0.556361, 0.0, 0.0, 0.0, 0.0, 1.0],
                [1.0, 0.0, -0.0, -0.0, -0.0, 0.556361, -0.83094, 0.37472, -0.0, 0.83094, 0.556361, 0.0, 0.0, 0.0, 0.0, 1.0]
            ]
        },
        {
            "name": "Thigh_L",
            "time": [0.0, 0.9583, 1.125],
            "transform": [
                [0.978385, -0.190095, -0.081406, -0.125006, -0.166892, -0.9583, 0.231963, -0.002831, -0.122107, -0.213363, -0.969312, -1.2e-05, 0.0, 0.0, 0.0, 1.0],
                [0.837428, -0.545683, 0.030729, -0.125006, -0.40709, -0.585249, 0.701257, -0.002831, -0.36468, -0.599761, -0.712246, -1.2e-05, 0.0, 0.0, 0.0, 1.0],
                [0.837428, -0.545683, 0.030729, -0.125006, -0.40709, -0.585249, 0.701257, -0.002831, -0.36468, -0.599761, -0.712246, -1.2e-05, 0.0, 0.0, 0.0, 1.0]
            ]
        },
        {
            "name": "Leg_L",
            "time": [0.0, 0.9583, 1.125],
            "transform": [
                [1.0, -0.0, 0.0, 0.0, -0.0, -0.51316, 0.858293, 0.37472, -0.0, -0.858293, -0.51316, -0.0, 0.0, 0.0, 0.0, 1.0],
                [1.0, -0.0, 0.0, 0.0, -0.0, -0.51316, 0.858293, 0.37472, -0.0, -0.858293, -0.51316, -0.0, 0.0, 0.0, 0.0, 1.0],
                [1.0, -0.0, 0.0, 0.0, -0.0, -0.51316, 0.858293, 0.37472, -0.0, -0.858293, -0.51316, -0.0, 0.0, 0.0, 0.0, 1.0]
            ]
        },
        {
            "name": "Knee_L",
            "time": [0.0, 0.9583, 1.125],
            "transform": [
                [1.0, 0.0, -0.0, 0.0, -0.0, 0.903772, -0.428015, 0.37472, 0.0, 0.428015, 0.903772, -0.0, 0.0, 0.0, 0.0, 1.0],
                [1.0, 0.0, -0.0, 0.0, -0.0, 0.903772, -0.428015, 0.37472, 0.0, 0.428015, 0.903772, -0.0, 0.0, 0.0, 0.0, 1.0],
                [1.0, 0.0, -0.0, 0.0, -0.0, 0.903772, -0.428015, 0.37472, 0.0, 0.428015, 0.903772, -0.0, 0.0, 0.0, 0.0, 1.0]
            ]
        },
        {
            "name": "Torso",
            "time": [0.0, 0.4583, 0.9583, 1.125],
            "transform": [
                [1.0, 0.0, 0.0, 0.0, 0.0, 0.974632, 0.223813, 0.05, 0.0, -0.223813, 0.974632, -0.0, 0.0, 0.0, 0.0, 1.0],
                [1.0, 0.0, 0.0, -0.0, -0.0, 0.974632, 0.223813, 0.05, -0.0, -0.223813, 0.974632, 0.0, 0.0, 0.0, 0.0, 1.0],
                [1.0, 0.0, -0.0, 0.0, 0.0, 0.807474, 0.589903, 0.05, 0.0, -0.589903, 0.807475, 0.0, 0.0, 0.0, 0.0, 1.0],
                [1.0, 0.0, -0.0, 0.0, 0.0, 0.672113, 0.740449, 0.05, 0.0, -0.740449, 0.672113, 0.0, 0.0, 0.0, 0.0, 1.0]
            ]
        },
        {
            "name": "Chest",
            "time": [0.0, 0.4583, 0.9583, 1.125],
            "transform": [
                [1.0, 0.0, 0.0, 0.0, 0.0, 0.999005, 0.044602, 0.3, 0.0, -0.044602, 0.999005, 0.0, 0.0, 0.0, 0.0, 1.0],
                [1.0, -0.0, -0.0, 0.0, 0.0, 0.999005, 0.044602, 0.3, -0.0, -0.044602, 0.999005, -0.0, 0.0, 0.0, 0.0, 1.0],
                [1.0, 0.0, 0.0, 0.0, 0.0, 0.694501, 0.719492, 0.3, -0.0, -0.719492, 0.694501, -0.0, 0.0, 0.0, 0.0, 1.0],
                [1.0, 0.0, -0.0, 0.0, -0.0, 0.79463, 0.607094, 0.3, 0.0, -0.607094, 0.79463, 0.0, 0.0, 0.0, 0.0, 1.0]
            ]
        },
        {
            "name": "Head",
            "time": [0.0, 0.6667, 0.9583, 1.125],
            "transform": [
                [1.0, 0.0, 0.0, 0.0, 0.0, 0.451969, -0.892034, 0.4, 0.0, 0.892034, 0.451969, 0.0, 0.0, 0.0, 0.0, 1.0],
                [1.0, 0.0, 0.0, -0.0, -0.0, 0.8674, -0.497612, 0.4, 0.0, 0.497612, 0.8674, -0.0, 0.0, 0.0, 0.0, 1.0],
                [0.99556, -0.044847, 0.082765, -0.0, 0.09321, 0.592588, -0.800094, 0.4, -0.013163, 0.804256, 0.594137, -0.0, 0.0, 0.0, 0.0, 1.0],
                [0.99556, -0.044847, 0.082765, 0.0, 0.09321, 0.592588, -0.800094, 0.4, -0.013163, 0.804256, 0.594137, -0.0, 0.0, 0.0, 0.0, 1.0]
            ]
        },
        {
            "name": "Shoulder_R",
            "time": [0.0, 0.6667, 0.9583, 1.125],
            "transform": [
                [0.43157, 0.872249, -0.230062, 0.0, -0.215009, 0.347148, 0.91283, 0.4, 0.876081, -0.344485, 0.33736, 0.0, 0.0, 0.0, 0.0, 1.0],
                [0.43157, 0.872249, -0.230062, -0.0, -0.215009, 0.347148, 0.91283, 0.4, 0.876081, -0.344485, 0.33736, -0.0, 0.0, 0.0, 0.0, 1.0],
                [0.357421, 0.924157, -0.13485, -0.0, -0.24012, 0.230465, 0.942989, 0.4, 0.902548, -0.304663, 0.304282, -0.0, 0.0, 0.0, 0.0, 1.0],
                [0.357421, 0.924157, -0.13485, 0.0, -0.24012, 0.230465, 0.942989, 0.4, 0.902548, -0.304663, 0.304282, -0.0, 0.0, 0.0, 0.0, 1.0]
            ]
        },
        {
            "name": "Arm_R",
            "time": [0.0, 0.6667, 0.9583, 1.125],
            "transform": [
                [0.636323, -0.540868, 0.550049, -0.0, 0.596678, -0.106853, -0.795335, 0.39386, 0.488945, 0.834293, 0.254732, 0.0, 0.0, 0.0, 0.0, 1.0],
                [0.636323, -0.540868, 0.550049, 0.0, 0.596678, -0.106852, -0.795335, 0.39386, 0.488945, 0.834292, 0.254732, -0.0, 0.0, 0.0, 0.0, 1.0],
                [-0.343852, -0.928554, -0.139835, -0.0, 0.934517, -0.323813, -0.147729, 0.39386, 0.091894, -0.181475, 0.979093, -0.0, 0.0, 0.0, 0.0, 1.0],
                [-0.343852, -0.928554, -0.139835, 0.0, 0.934516, -0.323813, -0.147729, 0.393861, 0.091894, -0.181475, 0.979093, -0.0, 0.0, 0.0, 0.0, 1.0]
            ]
        },
        {
            "name": "Hand_R",
            "time": [0.0, 0.6667, 0.9583, 1.125],